{"noiseKey":{"private":{"type":"Buffer","data":"yJljc1Y6hpTWSfP1/KkhLF76JnPei8/iDn0KLZWFf1U="},"public":{"type":"Buffer","data":"iQ0xdI/tNhjdXI9QVlA9SHmIcPuLjuWZswKp4p3e3CQ="}},"pairingEphemeralKeyPair":{"private":{"type":"Buffer","data":"yLnmszZm/pr6GElT+bqVR140ESP5qQIt5v0py7PdBlQ="},"public":{"type":"Buffer","data":"PE3mFTNXfVGXEeVHfLz5ld6MDitcFZKmi4w3iy/elAw="}},"signedIdentityKey":{"private":{"type":"Buffer","data":"aFtf6MYwiwLEVFfMFnBTMWKlKhltclp8j7kSSokLgnY="},"public":{"type":"Buffer","data":"rtEafOUUKSsQRUElbFVWwBqDTp2zjrUfW87aLzSLKw0="}},"signedPreKey":{"keyPair":{"private":{"type":"Buffer","data":"uLxy1ZW2l+5XsPQUy3vAqwD4UZny98rdA+aqJ+6fNEQ="},"public":{"type":"Buffer","data":"77aqc8o60lM34XNBpE5U/v0Pkbd8Sl7zWvps+GD1eEk="}},"signature":{"type":"Buffer","data":"25jh9DnlyvdOYOlvlrj5AW4UFqNNoC0YSavLGdOK1X5UdnfBcSEULaBmEyX4FAMzCMiNStUI8CKlPTAOjTKeBg=="},"keyId":1},"registrationId":248,"advSecretKey":"mI6dogqhxFLyXNDN0BOyxi4KWXWEY3aJ/Ul6A0Di12c=","processedHistoryMessages":[{"key":{"remoteJid":"40748427351@s.whatsapp.net","fromMe":true,"id":"DE50CEF49104D7DC4C6FC6DAD0E41C02"},"messageTimestamp":1742923023},{"key":{"remoteJid":"40748427351@s.whatsapp.net","fromMe":true,"id":"2484A87B23375944F459A8C9DB39234A"},"messageTimestamp":1742923024}],"nextPreKeyId":31,"firstUnuploadedPreKeyId":31,"accountSyncCounter":1,"accountSettings":{"unarchiveChats":false},"registered":true,"pairingCode":"629V8AEF","me":{"id":"40748427351:43@s.whatsapp.net","name":"GyovannySerg","lid":"66624103170263:43@lid"},"account":{"details":"CN3BoaUDEITKi78GGAQgACgA","accountSignatureKey":"4A6hR/lHR+OxwRgVciXPFTuEzMbVkzhw8uXw+ouFfho=","accountSignature":"y8OCIOM2PokpphVSnJkuAI+5oFS/b9DlL/PUmb/btbrYKjYUsBywMPjqt44Itkk1D4ag8auzo/jbLgdzvTwCCA==","deviceSignature":"I1l0RCWVIt9gu99uHh3SgDGYbF3R2dPio/FtE8qlvxrg9CsoCrmIhrPkPkDG8ZW9kIHMorMiOActZrgFhXdEBQ=="},"signalIdentities":[{"identifier":{"name":"40748427351:43@s.whatsapp.net","deviceId":0},"identifierKey":{"type":"Buffer","data":"BeAOoUf5R0fjscEYFXIlzxU7hMzG1ZM4cPLl8PqLhX4a"}}],"platform":"smba","routingInfo":{"type":"Buffer","data":"CAsIBQ=="},"lastAccountSyncTimestamp":1742923021,"lastPropHash":"PWk5B","myAppStateKeyId":"AAAAAJp4"}